,Name,From,To,Pos,Ht,Wt,Birth Date,Age,Pic
adamsja01,Jaylen Adams,2019,2021,G,6-0,225.0,5/4/1996,25,https://www.basketball-reference.com/req/202106291/images/players/adamsja01.jpg
adamsst01,Steven Adams,2014,2022,C,6-11,265.0,7/20/1993,28,https://www.basketball-reference.com/req/202106291/images/players/adamsst01.jpg
adebaba01,Bam Adebayo,2018,2022,C-F,6-9,255.0,7/18/1997,24,https://www.basketball-reference.com/req/202106291/images/players/adebaba01.jpg
aldrila01,LaMarcus Aldridge,2007,2022,F-C,6-11,250.0,7/19/1985,36,https://www.basketball-reference.com/req/202106291/images/players/aldrila01.jpg
alexaky01,Kyle Alexander,2020,2020,F,6-11,220.0,10/21/1996,25,https://www.basketball-reference.com/req/202106291/images/players/alexaky01.jpg
alexani01,Nickeil Alexander-Walker,2020,2022,G,6-6,205.0,9/2/1998,23,https://www.basketball-reference.com/req/202106291/images/players/alexani01.jpg
allengr01,Grayson Allen,2019,2022,G,6-4,198.0,10/8/1995,26,https://www.basketball-reference.com/req/202106291/images/players/allengr01.jpg
allenja01,Jarrett Allen,2018,2022,C-F,6-11,243.0,4/21/1998,23,https://www.basketball-reference.com/req/202106291/images/players/allenja01.jpg
allenka01,Kadeem Allen,2018,2020,G,6-1,200.0,1/15/1993,28,https://www.basketball-reference.com/req/202106291/images/players/allenka01.jpg
aminual01,Al-Farouq Aminu,2011,2021,F,6-8,220.0,9/21/1990,31,https://www.basketball-reference.com/req/202106291/images/players/aminual01.jpg
anderju01,Justin Anderson,2016,2020,G,6-6,230.0,11/19/1993,28,https://www.basketball-reference.com/req/202106291/images/players/anderju01.jpg
anderky01,Kyle Anderson,2015,2022,F-G,6-9,230.0,9/20/1993,28,https://www.basketball-reference.com/req/202106291/images/players/anderky01.jpg
anderry01,Ryan Anderson,2009,2020,F,6-9,240.0,5/6/1988,33,https://www.basketball-reference.com/req/202106291/images/players/anderry01.jpg
antetgi01,Giannis Antetokounmpo,2014,2022,F-G,6-11,242.0,12/6/1994,26,https://www.basketball-reference.com/req/202106291/images/players/antetgi01.jpg
antetko01,Kostas Antetokounmpo,2019,2021,F,6-10,200.0,11/20/1997,24,https://www.basketball-reference.com/req/202106291/images/players/antetko01.jpg
antetth01,Thanasis Antetokounmpo,2016,2022,F,6-6,219.0,7/18/1992,29,https://www.basketball-reference.com/req/202106291/images/players/antetth01.jpg
anthoca01,Carmelo Anthony,2004,2022,F,6-7,238.0,5/29/1984,37,https://www.basketball-reference.com/req/202106291/images/players/anthoca01.jpg
anunoog01,OG Anunoby,2018,2022,F,6-7,232.0,7/17/1997,24,https://www.basketball-reference.com/req/202106291/images/players/anunoog01.jpg
arcidry01,Ryan Arcidiacono,2018,2021,G,6-3,195.0,3/26/1994,27,https://www.basketball-reference.com/req/202106291/images/players/arcidry01.jpg
arizatr01,Trevor Ariza,2005,2021,F,6-8,215.0,6/30/1985,36,https://www.basketball-reference.com/req/202106291/images/players/arizatr01.jpg
augusdj01,D.J. Augustin,2009,2022,G,5-11,183.0,11/10/1987,34,https://www.basketball-reference.com/req/202106291/images/players/augusdj01.jpg
aytonde01,Deandre Ayton,2019,2022,C,6-11,250.0,7/23/1998,23,https://www.basketball-reference.com/req/202106291/images/players/aytonde01.jpg
bacondw01,Dwayne Bacon,2018,2021,G,6-6,221.0,8/30/1995,26,https://www.basketball-reference.com/req/202106291/images/players/bacondw01.jpg
baglema01,Marvin Bagley,2019,2022,F-C,6-11,235.0,3/14/1999,22,https://www.basketball-reference.com/req/202106291/images/players/baglema01.jpg
balllo01,Lonzo Ball,2018,2022,G,6-6,190.0,10/27/1997,24,https://www.basketball-reference.com/req/202106291/images/players/balllo01.jpg
bambamo01,Mohamed Bamba,2019,2022,C,7-0,231.0,5/12/1998,23,https://www.basketball-reference.com/req/202106291/images/players/bambamo01.jpg
bareajo01,J.J. Barea,2007,2020,G,5-10,180.0,6/26/1984,37,https://www.basketball-reference.com/req/202106291/images/players/bareajo01.jpg
barneha02,Harrison Barnes,2013,2022,F,6-8,225.0,5/30/1992,29,https://www.basketball-reference.com/req/202106291/images/players/barneha02.jpg
barrerj01,RJ Barrett,2020,2022,G-F,6-6,214.0,6/14/2000,21,https://www.basketball-reference.com/req/202106291/images/players/barrerj01.jpg
bartowi01,Will Barton,2013,2022,G,6-6,181.0,1/6/1991,30,https://www.basketball-reference.com/req/202106291/images/players/bartowi01.jpg
bateske01,Keita Bates-Diop,2019,2022,F,6-8,229.0,1/23/1996,25,https://www.basketball-reference.com/req/202106291/images/players/bateske01.jpg
batumni01,Nicolas Batum,2009,2022,F-G,6-8,230.0,12/14/1988,32,https://www.basketball-reference.com/req/202106291/images/players/batumni01.jpg
baynear01,Aron Baynes,2013,2021,C,6-10,260.0,12/9/1986,34,https://www.basketball-reference.com/req/202106291/images/players/baynear01.jpg
bazemke01,Kent Bazemore,2013,2022,G-F,6-4,195.0,7/1/1989,32,https://www.basketball-reference.com/req/202106291/images/players/bazemke01.jpg
bazleda01,Darius Bazley,2020,2022,F,6-8,208.0,6/12/2000,21,https://www.basketball-reference.com/req/202106291/images/players/bazleda01.jpg
bealbr01,Bradley Beal,2013,2022,G,6-3,207.0,6/28/1993,28,https://www.basketball-reference.com/req/202106291/images/players/bealbr01.jpg
beaslma01,Malik Beasley,2017,2022,G,6-4,187.0,11/26/1996,25,https://www.basketball-reference.com/req/202106291/images/players/beaslma01.jpg
belinma01,Marco Belinelli,2008,2020,G-F,6-5,220.0,3/25/1986,35,https://www.basketball-reference.com/req/202106291/images/players/belinma01.jpg
belljo01,Jordan Bell,2018,2021,F,6-8,216.0,1/7/1995,26,https://www.basketball-reference.com/req/202106291/images/players/belljo01.jpg
bembrde01,DeAndre' Bembry,2017,2022,F,6-5,210.0,7/4/1994,27,https://www.basketball-reference.com/req/202106291/images/players/bembrde01.jpg
bendedr01,Dragan Bender,2017,2020,F,7-0,225.0,11/17/1997,24,https://www.basketball-reference.com/req/202106291/images/players/bendedr01.jpg
bertada01,Dāvis Bertāns,2017,2022,F,6-10,225.0,11/12/1992,29,https://www.basketball-reference.com/req/202106291/images/players/bertada01.jpg
beverpa01,Patrick Beverley,2013,2022,G,6-1,180.0,7/12/1988,33,https://www.basketball-reference.com/req/202106291/images/players/beverpa01.jpg
birchkh01,Khem Birch,2018,2022,C-F,6-9,233.0,9/28/1992,29,https://www.basketball-reference.com/req/202106291/images/players/birchkh01.jpg
bitadgo01,Goga Bitadze,2020,2022,C,6-11,250.0,7/20/1999,22,https://www.basketball-reference.com/req/202106291/images/players/bitadgo01.jpg
biyombi01,Bismack Biyombo,2012,2021,C-F,6-8,255.0,8/28/1992,29,https://www.basketball-reference.com/req/202106291/images/players/biyombi01.jpg
bjeline01,Nemanja Bjelica,2016,2022,F,6-10,234.0,5/9/1988,33,https://www.basketball-reference.com/req/202106291/images/players/bjeline01.jpg
bledser01,Eric Bledsoe,2011,2022,G,6-1,214.0,12/9/1989,31,https://www.basketball-reference.com/req/202106291/images/players/bledser01.jpg
bogdabo01,Bogdan Bogdanović,2018,2022,G,6-6,220.0,8/18/1992,29,https://www.basketball-reference.com/req/202106291/images/players/bogdabo01.jpg
bogdabo02,Bojan Bogdanović,2015,2022,G-F,6-7,226.0,4/18/1989,32,https://www.basketball-reference.com/req/202106291/images/players/bogdabo02.jpg
bolbo01,Bol Bol,2020,2022,F-C,7-2,220.0,11/16/1999,22,https://www.basketball-reference.com/req/202106291/images/players/bolbo01.jpg
boldejo01,Jonah Bolden,2019,2020,F,6-8,220.0,1/2/1996,25,https://www.basketball-reference.com/req/202106291/images/players/boldejo01.jpg
boldema01,Marques Bolden,2020,2021,C,6-10,249.0,4/17/1998,23,https://www.basketball-reference.com/req/202106291/images/players/boldema01.jpg
bonejo01,Jordan Bone,2020,2021,G,6-2,180.0,11/5/1997,24,https://www.basketball-reference.com/req/202106291/images/players/bonejo01.jpg
bongais01,Isaac Bonga,2019,2022,G,6-8,180.0,11/8/1999,22,https://www.basketball-reference.com/req/202106291/images/players/bongais01.jpg
bookede01,Devin Booker,2016,2022,G,6-5,206.0,10/30/1996,25,https://www.basketball-reference.com/req/202106291/images/players/bookede01.jpg
bouchch01,Chris Boucher,2018,2022,F,6-9,200.0,1/11/1993,28,https://www.basketball-reference.com/req/202106291/images/players/bouchch01.jpg
bowenbr02,Brian Bowen,2020,2021,F,6-6,190.0,10/2/1998,23,https://www.basketball-reference.com/req/202106291/images/players/bowenbr02.jpg
bowmaky01,Ky Bowman,2020,2020,G,6-1,187.0,6/16/1997,24,https://www.basketball-reference.com/req/202106291/images/players/bowmaky01.jpg
bradlav01,Avery Bradley,2011,2022,G,6-3,180.0,11/26/1990,31,https://www.basketball-reference.com/req/202106291/images/players/bradlav01.jpg
bradlto01,Tony Bradley,2018,2022,F-C,6-10,248.0,1/8/1998,23,https://www.basketball-reference.com/req/202106291/images/players/bradlto01.jpg
brantja01,Jarrell Brantley,2020,2021,F,6-5,250.0,6/7/1996,25,https://www.basketball-reference.com/req/202106291/images/players/brantja01.jpg
brazdig01,Ignas Brazdeikis,2020,2022,F,6-6,221.0,1/8/1999,22,https://www.basketball-reference.com/req/202106291/images/players/brazdig01.jpg
breweco01,Corey Brewer,2008,2020,F-G,6-9,186.0,3/5/1986,35,https://www.basketball-reference.com/req/202106291/images/players/breweco01.jpg
bridgmi01,Mikal Bridges,2019,2022,G,6-6,209.0,8/30/1996,25,https://www.basketball-reference.com/req/202106291/images/players/bridgmi01.jpg
bridgmi02,Miles Bridges,2019,2022,G-F,6-6,225.0,3/21/1998,23,https://www.basketball-reference.com/req/202106291/images/players/bridgmi02.jpg
brissos01,Oshae Brissett,2020,2022,F,6-7,210.0,6/20/1998,23,https://www.basketball-reference.com/req/202106291/images/players/brissos01.jpg
broekry01,Ryan Broekhoff,2019,2020,F,6-6,215.0,8/23/1990,31,https://www.basketball-reference.com/req/202106291/images/players/broekry01.jpg
brogdma01,Malcolm Brogdon,2017,2022,G,6-5,229.0,12/11/1992,28,https://www.basketball-reference.com/req/202106291/images/players/brogdma01.jpg
brookdi01,Dillon Brooks,2018,2022,F-G,6-7,225.0,1/22/1996,25,https://www.basketball-reference.com/req/202106291/images/players/brookdi01.jpg
brownbr01,Bruce Brown,2019,2022,G,6-4,202.0,8/15/1996,25,https://www.basketball-reference.com/req/202106291/images/players/brownbr01.jpg
brownch02,Charlie Brown,2020,2021,G,6-6,199.0,2/2/1997,24,https://www.basketball-reference.com/req/202106291/images/players/brownch02.jpg
brownja02,Jaylen Brown,2017,2022,F-G,6-6,223.0,10/24/1996,25,https://www.basketball-reference.com/req/202106291/images/players/brownja02.jpg
brownmo01,Moses Brown,2020,2022,C,7-2,245.0,10/13/1999,22,https://www.basketball-reference.com/req/202106291/images/players/brownmo01.jpg
brownst02,Sterling Brown,2018,2022,G,6-5,219.0,2/10/1995,26,https://www.basketball-reference.com/req/202106291/images/players/brownst02.jpg
browntr01,Troy Brown,2019,2022,G-F,6-6,215.0,7/28/1999,22,https://www.basketball-reference.com/req/202106291/images/players/browntr01.jpg
brunsja01,Jalen Brunson,2019,2022,G,6-1,190.0,8/31/1996,25,https://www.basketball-reference.com/req/202106291/images/players/brunsja01.jpg
bryanth01,Thomas Bryant,2018,2021,C,6-10,248.0,7/31/1997,24,https://www.basketball-reference.com/req/202106291/images/players/bryanth01.jpg
bullore01,Reggie Bullock,2014,2022,G-F,6-6,205.0,3/16/1991,30,https://www.basketball-reference.com/req/202106291/images/players/bullore01.jpg
burketr01,Trey Burke,2014,2022,G,6-0,185.0,11/12/1992,29,https://www.basketball-reference.com/req/202106291/images/players/burketr01.jpg
burksal01,Alec Burks,2012,2022,G,6-6,214.0,7/20/1991,30,https://www.basketball-reference.com/req/202106291/images/players/burksal01.jpg
burtode02,Deonte Burton,2019,2020,G,6-4,240.0,1/31/1994,27,https://www.basketball-reference.com/req/202106291/images/players/burtode02.jpg
butleji01,Jimmy Butler,2012,2022,F-G,6-7,230.0,9/14/1989,32,https://www.basketball-reference.com/req/202106291/images/players/butleji01.jpg
cabocbr01,Bruno Caboclo,2015,2021,F-C,6-9,218.0,9/21/1995,26,https://www.basketball-reference.com/req/202106291/images/players/cabocbr01.jpg
cacokde01,Devontae Cacok,2020,2021,F,6-7,240.0,10/8/1996,25,https://www.basketball-reference.com/req/202106291/images/players/cacokde01.jpg
caldwke01,Kentavious Caldwell-Pope,2014,2022,G,6-5,204.0,2/18/1993,28,https://www.basketball-reference.com/req/202106291/images/players/caldwke01.jpg
cancavl01,Vlatko Čančar,2020,2022,F,6-8,236.0,4/10/1997,24,https://www.basketball-reference.com/req/202106291/images/players/cancavl01.jpg
capelca01,Clint Capela,2015,2022,C,6-10,240.0,5/18/1994,27,https://www.basketball-reference.com/req/202106291/images/players/capelca01.jpg
carrode01,DeMarre Carroll,2010,2020,F,6-6,215.0,7/27/1986,35,https://www.basketball-reference.com/req/202106291/images/players/carrode01.jpg
carteje01,Jevon Carter,2019,2022,G,6-1,200.0,9/14/1995,26,https://www.basketball-reference.com/req/202106291/images/players/carteje01.jpg
cartevi01,Vince Carter,1999,2020,G-F,6-6,220.0,1/26/1977,44,https://www.basketball-reference.com/req/202106291/images/players/cartevi01.jpg
cartewe01,Wendell Carter,2019,2022,C,6-10,270.0,4/16/1999,22,https://www.basketball-reference.com/req/202106291/images/players/cartewe01.jpg
cartemi01,Michael Carter-Williams,2014,2021,G,6-5,190.0,10/10/1991,30,https://www.basketball-reference.com/req/202106291/images/players/cartemi01.jpg
carusal01,Alex Caruso,2018,2022,G,6-4,186.0,2/28/1994,27,https://www.basketball-reference.com/req/202106291/images/players/carusal01.jpg
caulewi01,Willie Cauley-Stein,2016,2022,F-C,7-0,240.0,8/18/1993,28,https://www.basketball-reference.com/req/202106291/images/players/caulewi01.jpg
chandty01,Tyson Chandler,2002,2020,C,7-0,235.0,10/2/1982,39,https://www.basketball-reference.com/req/202106291/images/players/chandty01.jpg
chandwi01,Wilson Chandler,2008,2020,F,6-8,235.0,5/10/1987,34,https://www.basketball-reference.com/req/202106291/images/players/chandwi01.jpg
chealjo01,Joe Chealey,2019,2020,G,6-3,190.0,11/1/1995,26,https://www.basketball-reference.com/req/202106291/images/players/chealjo01.jpg
cheatzy01,Zylan Cheatham,2020,2020,F,6-5,220.0,11/17/1995,26,https://www.basketball-reference.com/req/202106291/images/players/cheatzy01.jpg
chiozch01,Chris Chiozza,2019,2022,G,5-11,175.0,11/21/1995,26,https://www.basketball-reference.com/req/202106291/images/players/chiozch01.jpg
chrisma01,Marquese Chriss,2017,2021,F,6-9,240.0,7/2/1997,24,https://www.basketball-reference.com/req/202106291/images/players/chrisma01.jpg
clarkga01,Gary Clark,2019,2021,F,6-6,225.0,11/16/1994,27,https://www.basketball-reference.com/req/202106291/images/players/clarkga01.jpg
clarkbr01,Brandon Clarke,2020,2022,F,6-8,215.0,9/19/1996,25,https://www.basketball-reference.com/req/202106291/images/players/clarkbr01.jpg
clarkjo01,Jordan Clarkson,2015,2022,G,6-4,194.0,6/7/1992,29,https://www.basketball-reference.com/req/202106291/images/players/clarkjo01.jpg
claxtni01,Nicolas Claxton,2020,2022,F,6-11,215.0,4/17/1999,22,https://www.basketball-reference.com/req/202106291/images/players/claxtni01.jpg
clemoch01,Chris Clemons,2020,2020,G,5-9,180.0,7/23/1997,24,https://www.basketball-reference.com/req/202106291/images/players/clemoch01.jpg
clevean01,Antonius Cleveland,2018,2020,G,6-5,195.0,2/2/1994,27,https://www.basketball-reference.com/req/202106291/images/players/clevean01.jpg
coffeam01,Amir Coffey,2020,2022,G,6-7,210.0,6/17/1997,24,https://www.basketball-reference.com/req/202106291/images/players/coffeam01.jpg
collijo01,John Collins,2018,2022,F,6-9,235.0,9/23/1997,24,https://www.basketball-reference.com/req/202106291/images/players/collijo01.jpg
colliza01,Zach Collins,2018,2020,C-F,6-11,250.0,11/19/1997,24,https://www.basketball-reference.com/req/202106291/images/players/colliza01.jpg
conlemi01,Mike Conley,2008,2022,G,6-1,175.0,10/11/1987,34,https://www.basketball-reference.com/req/202106291/images/players/conlemi01.jpg
connapa01,Pat Connaughton,2016,2022,G,6-5,209.0,1/6/1993,28,https://www.basketball-reference.com/req/202106291/images/players/connapa01.jpg
cookqu01,Quinn Cook,2017,2021,G,6-1,180.0,3/23/1993,28,https://www.basketball-reference.com/req/202106291/images/players/cookqu01.jpg
cookty01,Tyler Cook,2020,2022,F,6-8,255.0,9/23/1997,24,https://www.basketball-reference.com/req/202106291/images/players/cookty01.jpg
covinro01,Robert Covington,2014,2022,F-C,6-7,209.0,12/14/1990,30,https://www.basketball-reference.com/req/202106291/images/players/covinro01.jpg
crabbal01,Allen Crabbe,2014,2020,G-F,6-5,212.0,4/9/1992,29,https://www.basketball-reference.com/req/202106291/images/players/crabbal01.jpg
craigto01,Torrey Craig,2018,2022,G-F,6-7,221.0,12/19/1990,30,https://www.basketball-reference.com/req/202106291/images/players/craigto01.jpg
crawfja01,Jamal Crawford,2001,2020,G,6-5,185.0,3/20/1980,41,https://www.basketball-reference.com/req/202106291/images/players/crawfja01.jpg
crowdja01,Jae Crowder,2013,2022,F,6-6,235.0,7/6/1990,31,https://www.basketball-reference.com/req/202106291/images/players/crowdja01.jpg
culveja01,Jarrett Culver,2020,2022,G,6-6,195.0,2/20/1999,22,https://www.basketball-reference.com/req/202106291/images/players/culveja01.jpg
curryse01,Seth Curry,2014,2022,G,6-2,185.0,8/23/1990,31,https://www.basketball-reference.com/req/202106291/images/players/curryse01.jpg
curryst01,Stephen Curry,2010,2022,G,6-2,185.0,3/14/1988,33,https://www.basketball-reference.com/req/202106291/images/players/curryst01.jpg
danietr01,Troy Daniels,2014,2020,G,6-4,200.0,7/15/1991,30,https://www.basketball-reference.com/req/202106291/images/players/danietr01.jpg
davisan02,Anthony Davis,2013,2022,F-C,6-10,253.0,3/11/1993,28,https://www.basketball-reference.com/req/202106291/images/players/davisan02.jpg
davised01,Ed Davis,2011,2022,F,6-9,218.0,6/5/1989,32,https://www.basketball-reference.com/req/202106291/images/players/davised01.jpg
daviste02,Terence Davis,2020,2022,G,6-4,201.0,5/16/1997,24,https://www.basketball-reference.com/req/202106291/images/players/daviste02.jpg
derozde01,DeMar DeRozan,2010,2022,G-F,6-6,220.0,8/7/1989,32,https://www.basketball-reference.com/req/202106291/images/players/derozde01.jpg
dedmode01,Dewayne Dedmon,2014,2022,C,7-0,245.0,8/12/1989,32,https://www.basketball-reference.com/req/202106291/images/players/dedmode01.jpg
dellama01,Matthew Dellavedova,2014,2021,G,6-3,200.0,9/8/1990,31,https://www.basketball-reference.com/req/202106291/images/players/dellama01.jpg
divindo01,Donte DiVincenzo,2019,2021,G,6-4,203.0,1/31/1997,24,https://www.basketball-reference.com/req/202106291/images/players/divindo01.jpg
diallch01,Cheick Diallo,2017,2020,F,6-8,219.0,9/13/1996,25,https://www.basketball-reference.com/req/202106291/images/players/diallch01.jpg
diallha01,Hamidou Diallo,2019,2022,G,6-5,202.0,7/31/1998,23,https://www.basketball-reference.com/req/202106291/images/players/diallha01.jpg
dienggo01,Gorgui Dieng,2014,2022,C,6-10,252.0,1/18/1990,31,https://www.basketball-reference.com/req/202106291/images/players/dienggo01.jpg
dinwisp01,Spencer Dinwiddie,2015,2022,G,6-5,215.0,4/6/1993,28,https://www.basketball-reference.com/req/202106291/images/players/dinwisp01.jpg
doncilu01,Luka Dončić,2019,2022,G-F,6-7,230.0,2/28/1999,22,https://www.basketball-reference.com/req/202106291/images/players/doncilu01.jpg
dortlu01,Luguentz Dort,2020,2022,G,6-3,215.0,4/19/1999,22,https://www.basketball-reference.com/req/202106291/images/players/dortlu01.jpg
dotsoda01,Damyean Dotson,2018,2021,G,6-5,210.0,5/6/1994,27,https://www.basketball-reference.com/req/202106291/images/players/dotsoda01.jpg
doumbse01,Sekou Doumbouya,2020,2022,F,6-8,230.0,12/23/2000,20,https://www.basketball-reference.com/req/202106291/images/players/doumbse01.jpg
doziepj01,PJ Dozier,2018,2022,G,6-6,205.0,10/25/1996,25,https://www.basketball-reference.com/req/202106291/images/players/doziepj01.jpg
dragigo01,Goran Dragić,2009,2022,G,6-3,190.0,5/6/1986,35,https://www.basketball-reference.com/req/202106291/images/players/dragigo01.jpg
drumman01,Andre Drummond,2013,2022,C,6-10,279.0,8/10/1993,28,https://www.basketball-reference.com/req/202106291/images/players/drumman01.jpg
dudleja01,Jared Dudley,2008,2021,F-G,6-6,237.0,7/10/1985,36,https://www.basketball-reference.com/req/202106291/images/players/dudleja01.jpg
dunnkr01,Kris Dunn,2017,2021,G,6-3,205.0,3/18/1994,27,https://www.basketball-reference.com/req/202106291/images/players/dunnkr01.jpg
edwarca01,Carsen Edwards,2020,2021,G,5-11,200.0,3/12/1998,23,https://www.basketball-reference.com/req/202106291/images/players/edwarca01.jpg
ellenhe01,Henry Ellenson,2017,2021,F,6-10,240.0,1/13/1997,24,https://www.basketball-reference.com/req/202106291/images/players/ellenhe01.jpg
ellinwa01,Wayne Ellington,2010,2022,G,6-4,207.0,11/29/1987,34,https://www.basketball-reference.com/req/202106291/images/players/ellinwa01.jpg
embiijo01,Joel Embiid,2017,2022,C,7-0,280.0,3/16/1994,27,https://www.basketball-reference.com/req/202106291/images/players/embiijo01.jpg
ennisja01,James Ennis,2015,2021,F,6-6,215.0,7/1/1990,31,https://www.basketball-reference.com/req/202106291/images/players/ennisja01.jpg
eubandr01,Drew Eubanks,2019,2022,F,6-9,245.0,2/1/1997,24,https://www.basketball-reference.com/req/202106291/images/players/eubandr01.jpg
evansja02,Jacob Evans,2019,2020,G-F,6-4,210.0,6/18/1997,24,https://www.basketball-reference.com/req/202106291/images/players/evansja02.jpg
exumda01,Dante Exum,2015,2021,G,6-5,214.0,7/13/1995,26,https://www.basketball-reference.com/req/202106291/images/players/exumda01.jpg
fallta01,Tacko Fall,2020,2022,C,7-5,311.0,12/10/1995,25,https://www.basketball-reference.com/req/202106291/images/players/fallta01.jpg
favorde01,Derrick Favors,2011,2022,F-C,6-9,265.0,7/15/1991,30,https://www.basketball-reference.com/req/202106291/images/players/favorde01.jpg
feliccr01,Cristiano Felício,2016,2021,F-C,6-11,270.0,7/7/1992,29,https://www.basketball-reference.com/req/202106291/images/players/feliccr01.jpg
fergute01,Terrance Ferguson,2018,2021,G-F,6-6,190.0,5/17/1998,23,https://www.basketball-reference.com/req/202106291/images/players/fergute01.jpg
fernabr01,Bruno Fernando,2020,2022,F,6-9,240.0,8/15/1998,23,https://www.basketball-reference.com/req/202106291/images/players/fernabr01.jpg
ferreyo01,Yogi Ferrell,2017,2021,G,6-0,178.0,5/9/1993,28,https://www.basketball-reference.com/req/202106291/images/players/ferreyo01.jpg
finnedo01,Dorian Finney-Smith,2017,2022,F,6-7,220.0,5/4/1993,28,https://www.basketball-reference.com/req/202106291/images/players/finnedo01.jpg
forbebr01,Bryn Forbes,2017,2022,G,6-2,205.0,7/23/1993,28,https://www.basketball-reference.com/req/202106291/images/players/forbebr01.jpg
fournev01,Evan Fournier,2013,2022,G-F,6-7,205.0,10/29/1992,29,https://www.basketball-reference.com/req/202106291/images/players/fournev01.jpg
foxde01,De'Aaron Fox,2018,2022,G,6-3,185.0,12/20/1997,23,https://www.basketball-reference.com/req/202106291/images/players/foxde01.jpg
frazime01,Melvin Frazier,2019,2020,G,6-5,215.0,8/30/1996,25,https://www.basketball-reference.com/req/202106291/images/players/frazime01.jpg
frazimi01,Michael Frazier,2020,2020,G,6-3,200.0,3/8/1994,27,https://www.basketball-reference.com/req/202106291/images/players/frazimi01.jpg
fraziti01,Tim Frazier,2015,2021,G,6-0,170.0,11/1/1990,31,https://www.basketball-reference.com/req/202106291/images/players/fraziti01.jpg
fultzma01,Markelle Fultz,2018,2021,G,6-3,209.0,5/29/1998,23,https://www.basketball-reference.com/req/202106291/images/players/fultzma01.jpg
gabriwe01,Wenyen Gabriel,2020,2021,F,6-9,205.0,3/26/1997,24,https://www.basketball-reference.com/req/202106291/images/players/gabriwe01.jpg
gaffoda01,Daniel Gafford,2020,2022,F,6-10,234.0,10/1/1998,23,https://www.basketball-reference.com/req/202106291/images/players/gaffoda01.jpg
gallida01,Danilo Gallinari,2009,2022,F,6-10,233.0,8/8/1988,33,https://www.basketball-reference.com/req/202106291/images/players/gallida01.jpg
gallola01,Langston Galloway,2015,2021,G,6-1,200.0,12/9/1991,29,https://www.basketball-reference.com/req/202106291/images/players/gallola01.jpg
garlada01,Darius Garland,2020,2022,G,6-1,192.0,1/26/2000,21,https://www.basketball-reference.com/req/202106291/images/players/garlada01.jpg
gasolma01,Marc Gasol,2009,2021,C,6-11,255.0,1/29/1985,36,https://www.basketball-reference.com/req/202106291/images/players/gasolma01.jpg
gayru01,Rudy Gay,2007,2022,F,6-8,250.0,8/17/1986,35,https://www.basketball-reference.com/req/202106291/images/players/gayru01.jpg
georgpa01,Paul George,2011,2022,F,6-8,220.0,5/2/1990,31,https://www.basketball-reference.com/req/202106291/images/players/georgpa01.jpg
gibsota01,Taj Gibson,2010,2022,F,6-9,232.0,6/24/1985,36,https://www.basketball-reference.com/req/202106291/images/players/gibsota01.jpg
gilesha01,Harry Giles,2019,2021,F-C,6-11,240.0,4/22/1998,23,https://www.basketball-reference.com/req/202106291/images/players/gilesha01.jpg
gilgesh01,Shai Gilgeous-Alexander,2019,2022,G,6-6,180.0,7/12/1998,23,https://www.basketball-reference.com/req/202106291/images/players/gilgesh01.jpg
goberru01,Rudy Gobert,2014,2022,C,7-1,258.0,6/26/1992,29,https://www.basketball-reference.com/req/202106291/images/players/goberru01.jpg
goodwbr01,Brandon Goodwin,2019,2021,G,6-0,180.0,10/2/1995,26,https://www.basketball-reference.com/req/202106291/images/players/goodwbr01.jpg
gordoaa01,Aaron Gordon,2015,2022,F,6-8,235.0,9/16/1995,26,https://www.basketball-reference.com/req/202106291/images/players/gordoaa01.jpg
gordoer01,Eric Gordon,2009,2022,G-F,6-3,215.0,12/25/1988,32,https://www.basketball-reference.com/req/202106291/images/players/gordoer01.jpg
grahade01,Devonte' Graham,2019,2022,G,6-1,195.0,2/22/1995,26,https://www.basketball-reference.com/req/202106291/images/players/grahade01.jpg
grahatr01,Treveon Graham,2017,2020,G,6-5,219.0,10/28/1993,28,https://www.basketball-reference.com/req/202106291/images/players/grahatr01.jpg
grantje01,Jerami Grant,2015,2022,F,6-8,210.0,3/12/1994,27,https://www.basketball-reference.com/req/202106291/images/players/grantje01.jpg
grantje02,Jerian Grant,2016,2020,G,6-4,205.0,10/9/1992,29,https://www.basketball-reference.com/req/202106291/images/players/grantje02.jpg
grayjo01,Josh Gray,2018,2020,G,6-0,180.0,9/9/1993,28,https://www.basketball-reference.com/req/202106291/images/players/grayjo01.jpg
greenda02,Danny Green,2010,2022,G-F,6-6,215.0,6/22/1987,34,https://www.basketball-reference.com/req/202106291/images/players/greenda02.jpg
greendr01,Draymond Green,2013,2022,F,6-6,230.0,3/4/1990,31,https://www.basketball-reference.com/req/202106291/images/players/greendr01.jpg
greenja01,JaMychal Green,2015,2022,F,6-8,227.0,6/21/1990,31,https://www.basketball-reference.com/req/202106291/images/players/greenja01.jpg
greenja02,Javonte Green,2020,2022,F,6-4,205.0,7/23/1993,28,https://www.basketball-reference.com/req/202106291/images/players/greenja02.jpg
greenje02,Jeff Green,2008,2022,F,6-8,235.0,8/28/1986,35,https://www.basketball-reference.com/req/202106291/images/players/greenje02.jpg
griffbl01,Blake Griffin,2011,2022,F,6-9,250.0,3/16/1989,32,https://www.basketball-reference.com/req/202106291/images/players/griffbl01.jpg
gudurma01,Marko Guduric,2020,2020,G,6-6,201.0,3/8/1995,26,https://www.basketball-reference.com/req/202106291/images/players/gudurma01.jpg
guyky01,Kyle Guy,2020,2021,G,6-1,167.0,8/11/1997,24,https://www.basketball-reference.com/req/202106291/images/players/guyky01.jpg
hachiru01,Rui Hachimura,2020,2021,F,6-8,230.0,2/8/1998,23,https://www.basketball-reference.com/req/202106291/images/players/hachiru01.jpg
hallde01,Devon Hall,2020,2020,G,6-2,215.0,7/7/1995,26,https://www.basketball-reference.com/req/202106291/images/players/hallde01.jpg
halldo01,Donta Hall,2020,2021,F,6-9,232.0,8/7/1997,24,https://www.basketball-reference.com/req/202106291/images/players/halldo01.jpg
hannadu01,Dusty Hannahs,2019,2020,G,6-3,210.0,9/2/1993,28,https://www.basketball-reference.com/req/202106291/images/players/hannadu01.jpg
hardati02,Tim Hardaway,2014,2022,G,6-5,205.0,3/16/1992,29,https://www.basketball-reference.com/req/202106291/images/players/hardati02.jpg
hardeja01,James Harden,2010,2022,G,6-5,220.0,8/26/1989,32,https://www.basketball-reference.com/req/202106291/images/players/hardeja01.jpg
harklma01,Maurice Harkless,2013,2022,F-G,6-7,220.0,5/11/1993,28,https://www.basketball-reference.com/req/202106291/images/players/harklma01.jpg
harpeja01,Jared Harper,2020,2021,G,5-10,175.0,9/14/1997,24,https://www.basketball-reference.com/req/202106291/images/players/harpeja01.jpg
harremo01,Montrezl Harrell,2016,2022,F-C,6-7,240.0,1/26/1994,27,https://www.basketball-reference.com/req/202106291/images/players/harremo01.jpg
harriga01,Gary Harris,2015,2022,G,6-4,210.0,9/14/1994,27,https://www.basketball-reference.com/req/202106291/images/players/harriga01.jpg
harrijo01,Joe Harris,2015,2022,G,6-6,220.0,9/6/1991,30,https://www.basketball-reference.com/req/202106291/images/players/harrijo01.jpg
harrito02,Tobias Harris,2012,2022,F,6-8,226.0,7/15/1992,29,https://www.basketball-reference.com/req/202106291/images/players/harrito02.jpg
harrish01,Shaquille Harrison,2018,2021,G,6-7,190.0,10/6/1993,28,https://www.basketball-reference.com/req/202106291/images/players/harrish01.jpg
hartjo01,Josh Hart,2018,2022,G,6-5,215.0,3/6/1995,26,https://www.basketball-reference.com/req/202106291/images/players/hartjo01.jpg
harteis01,Isaiah Hartenstein,2019,2022,F,7-0,250.0,5/5/1998,23,https://www.basketball-reference.com/req/202106291/images/players/harteis01.jpg
hasleud01,Udonis Haslem,2004,2022,F-C,6-8,235.0,6/9/1980,41,https://www.basketball-reference.com/req/202106291/images/players/hasleud01.jpg
hayesja02,Jaxson Hayes,2020,2022,F,6-11,220.0,5/23/2000,21,https://www.basketball-reference.com/req/202106291/images/players/hayesja02.jpg
haywago01,Gordon Hayward,2011,2022,F-G,6-7,225.0,3/23/1990,31,https://www.basketball-reference.com/req/202106291/images/players/haywago01.jpg
hensojo01,John Henson,2013,2020,C-F,6-9,219.0,12/28/1990,30,https://www.basketball-reference.com/req/202106291/images/players/hensojo01.jpg
hernade01,Dewan Hernandez,2020,2020,F,6-10,235.0,12/9/1996,24,https://www.basketball-reference.com/req/202106291/images/players/hernade01.jpg
hernaju01,Juan Hernangómez,2017,2022,F,6-9,214.0,9/28/1995,26,https://www.basketball-reference.com/req/202106291/images/players/hernaju01.jpg
hernawi01,Willy Hernangómez,2017,2022,C,6-11,250.0,5/27/1994,27,https://www.basketball-reference.com/req/202106291/images/players/hernawi01.jpg
herroty01,Tyler Herro,2020,2022,G,6-5,195.0,1/20/2000,21,https://www.basketball-reference.com/req/202106291/images/players/herroty01.jpg
herveke01,Kevin Hervey,2020,2020,F,6-9,230.0,7/9/1996,25,https://www.basketball-reference.com/req/202106291/images/players/herveke01.jpg
hezonma01,Mario Hezonja,2016,2020,F-G,6-8,220.0,2/25/1995,26,https://www.basketball-reference.com/req/202106291/images/players/hezonma01.jpg
hieldbu01,Buddy Hield,2017,2022,G,6-4,220.0,12/17/1992,28,https://www.basketball-reference.com/req/202106291/images/players/hieldbu01.jpg
hillge01,George Hill,2009,2022,G,6-4,188.0,5/4/1986,35,https://www.basketball-reference.com/req/202106291/images/players/hillge01.jpg
hillso01,Solomon Hill,2014,2022,F,6-6,226.0,3/18/1991,30,https://www.basketball-reference.com/req/202106291/images/players/hillso01.jpg
hoardja01,Jaylen Hoard,2020,2021,F,6-8,216.0,3/30/1999,22,https://www.basketball-reference.com/req/202106291/images/players/hoardja01.jpg
holidaa01,Aaron Holiday,2019,2022,G,6-0,185.0,9/30/1996,25,https://www.basketball-reference.com/req/202106291/images/players/holidaa01.jpg
holidjr01,Jrue Holiday,2010,2022,G,6-3,205.0,6/12/1990,31,https://www.basketball-reference.com/req/202106291/images/players/holidjr01.jpg
holidju01,Justin Holiday,2013,2022,F,6-6,180.0,4/5/1989,32,https://www.basketball-reference.com/req/202106291/images/players/holidju01.jpg
holliro01,Rondae Hollis-Jefferson,2016,2021,F,6-6,217.0,1/3/1995,26,https://www.basketball-reference.com/req/202106291/images/players/holliro01.jpg
holmeri01,Richaun Holmes,2016,2022,F-C,6-10,235.0,10/15/1993,28,https://www.basketball-reference.com/req/202106291/images/players/holmeri01.jpg
hoodro01,Rodney Hood,2015,2022,G-F,6-8,208.0,10/20/1992,29,https://www.basketball-reference.com/req/202106291/images/players/hoodro01.jpg
horfoal01,Al Horford,2008,2022,C-F,6-9,240.0,6/3/1986,35,https://www.basketball-reference.com/req/202106291/images/players/horfoal01.jpg
hortota01,Talen Horton-Tucker,2020,2022,G-F,6-4,234.0,11/25/2000,21,https://www.basketball-reference.com/req/202106291/images/players/hortota01.jpg
houseda01,Danuel House,2017,2022,G,6-6,220.0,6/7/1993,28,https://www.basketball-reference.com/req/202106291/images/players/houseda01.jpg
howardw01,Dwight Howard,2005,2022,C,6-10,265.0,12/8/1985,35,https://www.basketball-reference.com/req/202106291/images/players/howardw01.jpg
howarwi01,William Howard,2020,2020,F,6-8,207.0,10/25/1993,28,https://www.basketball-reference.com/req/202106291/images/players/howarwi01.jpg
huertke01,Kevin Huerter,2019,2022,G,6-7,190.0,8/27/1998,23,https://www.basketball-reference.com/req/202106291/images/players/huertke01.jpg
huntede01,De'Andre Hunter,2020,2022,F,6-8,225.0,12/2/1997,24,https://www.basketball-reference.com/req/202106291/images/players/huntede01.jpg
hutchch01,Chandler Hutchison,2019,2022,G,6-6,210.0,4/26/1996,25,https://www.basketball-reference.com/req/202106291/images/players/hutchch01.jpg
ibakase01,Serge Ibaka,2010,2022,F-C,6-10,235.0,9/18/1989,32,https://www.basketball-reference.com/req/202106291/images/players/ibakase01.jpg
iguodan01,Andre Iguodala,2005,2022,G-F,6-6,215.0,1/28/1984,37,https://www.basketball-reference.com/req/202106291/images/players/iguodan01.jpg
ilyaser01,Ersan İlyasova,2007,2021,F,6-9,235.0,5/15/1987,34,https://www.basketball-reference.com/req/202106291/images/players/ilyaser01.jpg
inglejo01,Joe Ingles,2015,2022,F-G,6-8,220.0,10/2/1987,34,https://www.basketball-reference.com/req/202106291/images/players/inglejo01.jpg
ingrabr01,Brandon Ingram,2017,2022,F,6-8,190.0,9/2/1997,24,https://www.basketball-reference.com/req/202106291/images/players/ingrabr01.jpg
irvinky01,Kyrie Irving,2012,2021,G,6-2,195.0,3/23/1992,29,https://www.basketball-reference.com/req/202106291/images/players/irvinky01.jpg
isaacjo01,Jonathan Isaac,2018,2020,F,6-11,230.0,10/3/1997,24,https://www.basketball-reference.com/req/202106291/images/players/isaacjo01.jpg
iwundwe01,Wesley Iwundu,2018,2021,F,6-6,195.0,12/20/1994,26,https://www.basketball-reference.com/req/202106291/images/players/iwundwe01.jpg
jacksfr01,Frank Jackson,2019,2022,G,6-3,205.0,5/4/1998,23,https://www.basketball-reference.com/req/202106291/images/players/jacksfr01.jpg
jacksja02,Jaren Jackson,2019,2022,F,6-11,242.0,9/15/1999,22,https://www.basketball-reference.com/req/202106291/images/players/jacksja02.jpg
jacksjo02,Josh Jackson,2018,2022,F-G,6-8,207.0,2/10/1997,24,https://www.basketball-reference.com/req/202106291/images/players/jacksjo02.jpg
jacksju01,Justin Jackson,2018,2021,G-F,6-8,220.0,3/28/1995,26,https://www.basketball-reference.com/req/202106291/images/players/jacksju01.jpg
jacksre01,Reggie Jackson,2012,2022,G,6-2,208.0,4/16/1990,31,https://www.basketball-reference.com/req/202106291/images/players/jacksre01.jpg
jamesju01,Justin James,2020,2021,G,6-7,190.0,1/24/1997,24,https://www.basketball-reference.com/req/202106291/images/players/jamesju01.jpg
jamesle01,LeBron James,2004,2022,F-G,6-9,250.0,12/30/1984,36,https://www.basketball-reference.com/req/202106291/images/players/jamesle01.jpg
jeffeam01,Amile Jefferson,2019,2020,F,6-9,222.0,5/7/1993,28,https://www.basketball-reference.com/req/202106291/images/players/jeffeam01.jpg
jeffrda01,DaQuan Jeffries,2020,2021,G-F,6-5,230.0,8/30/1997,24,https://www.basketball-reference.com/req/202106291/images/players/jeffrda01.jpg
jeromty01,Ty Jerome,2020,2022,G,6-5,195.0,7/8/1997,24,https://www.basketball-reference.com/req/202106291/images/players/jeromty01.jpg
johnsal02,Alize Johnson,2019,2022,F,6-7,212.0,4/22/1996,25,https://www.basketball-reference.com/req/202106291/images/players/johnsal02.jpg
johnsbj01,B.J. Johnson,2019,2020,G,6-7,200.0,12/21/1995,25,https://www.basketball-reference.com/req/202106291/images/players/johnsbj01.jpg
johnsca02,Cameron Johnson,2020,2022,F,6-8,210.0,3/3/1996,25,https://www.basketball-reference.com/req/202106291/images/players/johnsca02.jpg
johnsja01,James Johnson,2010,2022,F,6-7,240.0,2/20/1987,34,https://www.basketball-reference.com/req/202106291/images/players/johnsja01.jpg
johnske04,Keldon Johnson,2020,2022,G,6-5,220.0,10/11/1999,22,https://www.basketball-reference.com/req/202106291/images/players/johnske04.jpg
johnsst04,Stanley Johnson,2016,2021,F,6-6,242.0,5/29/1996,25,https://www.basketball-reference.com/req/202106291/images/players/johnsst04.jpg
johnsty01,Tyler Johnson,2015,2021,G,6-3,186.0,5/7/1992,29,https://www.basketball-reference.com/req/202106291/images/players/johnsty01.jpg
jokicni01,Nikola Jokić,2016,2022,C-F,6-11,284.0,2/19/1995,26,https://www.basketball-reference.com/req/202106291/images/players/jokicni01.jpg
jonesda03,Damian Jones,2017,2022,F-C,6-11,245.0,6/30/1995,26,https://www.basketball-reference.com/req/202106291/images/players/jonesda03.jpg
jonesde02,Derrick Jones,2017,2022,F,6-5,210.0,2/15/1997,24,https://www.basketball-reference.com/req/202106291/images/players/jonesde02.jpg
jonesty01,Tyus Jones,2016,2022,G,6-0,196.0,5/10/1996,25,https://www.basketball-reference.com/req/202106291/images/players/jonesty01.jpg
jordade01,DeAndre Jordan,2009,2022,C,6-11,265.0,7/21/1988,33,https://www.basketball-reference.com/req/202106291/images/players/jordade01.jpg
josepco01,Cory Joseph,2012,2022,G,6-3,200.0,8/20/1991,30,https://www.basketball-reference.com/req/202106291/images/players/josepco01.jpg
kabenmf01,Mfiondu Kabengele,2020,2021,F,6-9,250.0,8/14/1997,24,https://www.basketball-reference.com/req/202106291/images/players/kabenmf01.jpg
kaminfr01,Frank Kaminsky,2016,2022,F-C,7-0,240.0,4/4/1993,28,https://www.basketball-reference.com/req/202106291/images/players/kaminfr01.jpg
kanteen01,Enes Kanter,2012,2022,C,6-10,250.0,5/20/1992,29,https://www.basketball-reference.com/req/202106291/images/players/kanteen01.jpg
kennalu01,Luke Kennard,2018,2022,G,6-5,206.0,6/24/1996,25,https://www.basketball-reference.com/req/202106291/images/players/kennalu01.jpg
kiddst01,Stanton Kidd,2020,2020,F,6-6,215.0,3/18/1992,29,https://www.basketball-reference.com/req/202106291/images/players/kiddst01.jpg
kiddgmi01,Michael Kidd-Gilchrist,2013,2020,F,6-6,232.0,9/26/1993,28,https://www.basketball-reference.com/req/202106291/images/players/kiddgmi01.jpg
kinglo02,Louis King,2020,2021,F,6-7,205.0,4/6/1999,22,https://www.basketball-reference.com/req/202106291/images/players/kinglo02.jpg
klebima01,Maxi Kleber,2018,2022,F,6-10,240.0,1/29/1992,29,https://www.basketball-reference.com/req/202106291/images/players/klebima01.jpg
knighbr03,Brandon Knight,2012,2020,G,6-2,182.0,12/2/1991,30,https://www.basketball-reference.com/req/202106291/images/players/knighbr03.jpg
knoxke01,Kevin Knox,2019,2022,F,6-7,215.0,8/11/1999,22,https://www.basketball-reference.com/req/202106291/images/players/knoxke01.jpg
konchjo01,John Konchar,2020,2022,G,6-5,210.0,3/22/1996,25,https://www.basketball-reference.com/req/202106291/images/players/konchjo01.jpg
korkmfu01,Furkan Korkmaz,2018,2022,G,6-7,202.0,7/24/1997,24,https://www.basketball-reference.com/req/202106291/images/players/korkmfu01.jpg
kornelu01,Luke Kornet,2018,2021,F,7-2,250.0,7/15/1995,26,https://www.basketball-reference.com/req/202106291/images/players/kornelu01.jpg
korveky01,Kyle Korver,2004,2020,G-F,6-7,212.0,3/17/1981,40,https://www.basketball-reference.com/req/202106291/images/players/korveky01.jpg
kurucro01,Rodions Kurucs,2019,2021,F,6-9,228.0,2/5/1998,23,https://www.basketball-reference.com/req/202106291/images/players/kurucro01.jpg
kuzmaky01,Kyle Kuzma,2018,2022,F,6-10,221.0,7/24/1995,26,https://www.basketball-reference.com/req/202106291/images/players/kuzmaky01.jpg
lavinza01,Zach LaVine,2015,2022,G,6-5,200.0,3/10/1995,26,https://www.basketball-reference.com/req/202106291/images/players/lavinza01.jpg
labissk01,Skal Labissière,2017,2020,F,6-10,235.0,3/18/1996,25,https://www.basketball-reference.com/req/202106291/images/players/labissk01.jpg
lambje01,Jeremy Lamb,2013,2022,G-F,6-5,180.0,5/30/1992,29,https://www.basketball-reference.com/req/202106291/images/players/lambje01.jpg
langfro01,Romeo Langford,2020,2022,G,6-4,216.0,10/25/1999,22,https://www.basketball-reference.com/req/202106291/images/players/langfro01.jpg
lawvi01,Vic Law,2020,2020,F,6-7,200.0,12/19/1995,25,https://www.basketball-reference.com/req/202106291/images/players/lawvi01.jpg
laymaja01,Jake Layman,2017,2022,F,6-8,209.0,3/7/1994,27,https://www.basketball-reference.com/req/202106291/images/players/laymaja01.jpg
leverca01,Caris LeVert,2017,2022,G-F,6-6,205.0,8/25/1994,27,https://www.basketball-reference.com/req/202106291/images/players/leverca01.jpg
leaftj01,T.J. Leaf,2018,2021,F,6-10,222.0,4/30/1997,24,https://www.basketball-reference.com/req/202106291/images/players/leaftj01.jpg
lecquja01,Jalen Lecque,2020,2021,G,6-4,185.0,6/13/2000,21,https://www.basketball-reference.com/req/202106291/images/players/lecquja01.jpg
leeco01,Courtney Lee,2009,2020,G,6-5,215.0,10/3/1985,36,https://www.basketball-reference.com/req/202106291/images/players/leeco01.jpg
leeda03,Damion Lee,2018,2022,G,6-5,210.0,10/21/1992,29,https://www.basketball-reference.com/req/202106291/images/players/leeda03.jpg
lenal01,Alex Len,2014,2022,C,7-0,250.0,6/16/1993,28,https://www.basketball-reference.com/req/202106291/images/players/lenal01.jpg
leonaka01,Kawhi Leonard,2012,2021,F,6-7,225.0,6/29/1991,30,https://www.basketball-reference.com/req/202106291/images/players/leonaka01.jpg
leoname01,Meyers Leonard,2013,2021,C-F,7-0,260.0,2/27/1992,29,https://www.basketball-reference.com/req/202106291/images/players/leoname01.jpg
lillada01,Damian Lillard,2013,2022,G,6-2,195.0,7/15/1990,31,https://www.basketball-reference.com/req/202106291/images/players/lillada01.jpg
littlna01,Nassir Little,2020,2022,F,6-5,220.0,2/11/2000,21,https://www.basketball-reference.com/req/202106291/images/players/littlna01.jpg
looneke01,Kevon Looney,2016,2022,F-C,6-9,222.0,2/6/1996,25,https://www.basketball-reference.com/req/202106291/images/players/looneke01.jpg
lopezbr01,Brook Lopez,2009,2022,C,7-0,282.0,4/1/1988,33,https://www.basketball-reference.com/req/202106291/images/players/lopezbr01.jpg
lopezro01,Robin Lopez,2009,2022,C,7-0,281.0,4/1/1988,33,https://www.basketball-reference.com/req/202106291/images/players/lopezro01.jpg
loveke01,Kevin Love,2009,2022,F,6-8,251.0,9/7/1988,33,https://www.basketball-reference.com/req/202106291/images/players/loveke01.jpg
lowryky01,Kyle Lowry,2007,2022,G,6-0,196.0,3/25/1986,35,https://www.basketball-reference.com/req/202106291/images/players/lowryky01.jpg
luwawti01,Timothé Luwawu-Cabarrot,2017,2022,F,6-7,220.0,5/9/1995,26,https://www.basketball-reference.com/req/202106291/images/players/luwawti01.jpg
lylestr01,Trey Lyles,2016,2022,F,6-9,234.0,11/5/1995,26,https://www.basketball-reference.com/req/202106291/images/players/lylestr01.jpg
maconda01,Daryl Macon,2019,2020,G,6-2,185.0,11/29/1995,26,https://www.basketball-reference.com/req/202106291/images/players/maconda01.jpg
macurjp01,J.P. Macura,2019,2020,G,6-5,203.0,6/5/1995,26,https://www.basketball-reference.com/req/202106291/images/players/macurjp01.jpg
magetjo01,Josh Magette,2018,2020,G,6-1,160.0,11/28/1989,32,https://www.basketball-reference.com/req/202106291/images/players/magetjo01.jpg
mahinia01,Ian Mahinmi,2008,2020,C,6-11,262.0,11/5/1986,35,https://www.basketball-reference.com/req/202106291/images/players/mahinia01.jpg
makerth01,Thon Maker,2017,2021,F-C,7-0,221.0,2/25/1997,24,https://www.basketball-reference.com/req/202106291/images/players/makerth01.jpg
mannte01,Terance Mann,2020,2022,G-F,6-5,215.0,10/18/1996,25,https://www.basketball-reference.com/req/202106291/images/players/mannte01.jpg
marjabo01,Boban Marjanović,2016,2022,C,7-3,290.0,8/15/1988,33,https://www.basketball-reference.com/req/202106291/images/players/marjabo01.jpg
markkla01,Lauri Markkanen,2018,2022,F-C,7-0,240.0,5/22/1997,24,https://www.basketball-reference.com/req/202106291/images/players/markkla01.jpg
martica02,Caleb Martin,2020,2022,F,6-5,205.0,9/28/1995,26,https://www.basketball-reference.com/req/202106291/images/players/martica02.jpg
martico01,Cody Martin,2020,2022,G-F,6-5,205.0,9/28/1995,26,https://www.basketball-reference.com/req/202106291/images/players/martico01.jpg
martije02,Jeremiah Martin,2020,2021,G,6-3,185.0,6/19/1996,25,https://www.basketball-reference.com/req/202106291/images/players/martije02.jpg
martike03,Kelan Martin,2020,2022,F,6-5,230.0,8/3/1995,26,https://www.basketball-reference.com/req/202106291/images/players/martike03.jpg
masonfr01,Frank Mason,2018,2021,G,5-11,190.0,4/3/1994,27,https://www.basketball-reference.com/req/202106291/images/players/masonfr01.jpg
mathega01,Garrison Mathews,2020,2022,G,6-5,215.0,10/24/1996,25,https://www.basketball-reference.com/req/202106291/images/players/mathega01.jpg
matthwe02,Wesley Matthews,2010,2021,G,6-4,220.0,10/14/1986,35,https://www.basketball-reference.com/req/202106291/images/players/matthwe02.jpg
mbahalu01,Luc Mbah a Moute,2009,2020,F,6-8,230.0,9/9/1986,35,https://www.basketball-reference.com/req/202106291/images/players/mbahalu01.jpg
mccawpa01,Patrick McCaw,2017,2021,G,6-7,181.0,10/25/1995,26,https://www.basketball-reference.com/req/202106291/images/players/mccawpa01.jpg
mccolcj01,CJ McCollum,2014,2022,G,6-3,190.0,9/19/1991,30,https://www.basketball-reference.com/req/202106291/images/players/mccolcj01.jpg
mccontj01,T.J. McConnell,2016,2022,G,6-1,190.0,3/25/1992,29,https://www.basketball-reference.com/req/202106291/images/players/mccontj01.jpg
mcdanja01,Jalen McDaniels,2020,2022,F,6-9,205.0,1/31/1998,23,https://www.basketball-reference.com/req/202106291/images/players/mcdanja01.jpg
mcderdo01,Doug McDermott,2015,2022,F,6-7,225.0,1/3/1992,29,https://www.basketball-reference.com/req/202106291/images/players/mcderdo01.jpg
mcgeeja01,JaVale McGee,2009,2022,C,7-0,270.0,1/19/1988,33,https://www.basketball-reference.com/req/202106291/images/players/mcgeeja01.jpg
mcgruro01,Rodney McGruder,2017,2022,G,6-4,205.0,7/29/1991,30,https://www.basketball-reference.com/req/202106291/images/players/mcgruro01.jpg
mckinal01,Alfonzo McKinnie,2018,2021,F,6-7,215.0,9/17/1992,29,https://www.basketball-reference.com/req/202106291/images/players/mckinal01.jpg
mclaujo01,Jordan McLaughlin,2020,2022,G,5-11,185.0,4/9/1996,25,https://www.basketball-reference.com/req/202106291/images/players/mclaujo01.jpg
mclembe01,Ben McLemore,2014,2022,G,6-3,195.0,2/11/1993,28,https://www.basketball-reference.com/req/202106291/images/players/mclembe01.jpg
mcraejo01,Jordan McRae,2016,2020,G,6-5,179.0,3/28/1991,30,https://www.basketball-reference.com/req/202106291/images/players/mcraejo01.jpg
mellini01,Nicolò Melli,2020,2021,F,6-9,236.0,1/26/1991,30,https://www.basketball-reference.com/req/202106291/images/players/mellini01.jpg
meltode01,De'Anthony Melton,2019,2022,G,6-2,200.0,5/28/1998,23,https://www.basketball-reference.com/req/202106291/images/players/meltode01.jpg
metuch01,Chimezie Metu,2019,2022,F,6-9,225.0,3/22/1997,24,https://www.basketball-reference.com/req/202106291/images/players/metuch01.jpg
middlkh01,Khris Middleton,2013,2022,F-G,6-7,222.0,8/12/1991,30,https://www.basketball-reference.com/req/202106291/images/players/middlkh01.jpg
mikaer01,Eric Mika,2020,2020,C,6-10,230.0,1/5/1995,26,https://www.basketball-reference.com/req/202106291/images/players/mikaer01.jpg
milescj01,C.J. Miles,2006,2020,G-F,6-6,220.0,3/18/1987,34,https://www.basketball-reference.com/req/202106291/images/players/milescj01.jpg
millema01,Malcolm Miller,2018,2020,F,6-7,210.0,3/6/1993,28,https://www.basketball-reference.com/req/202106291/images/players/millema01.jpg
millspa02,Patty Mills,2010,2022,G,6-1,180.0,8/11/1988,33,https://www.basketball-reference.com/req/202106291/images/players/millspa02.jpg
millspa01,Paul Millsap,2007,2022,F,6-7,257.0,2/10/1985,36,https://www.basketball-reference.com/req/202106291/images/players/millspa01.jpg
miltosh01,Shake Milton,2019,2022,G,6-5,205.0,9/26/1996,25,https://www.basketball-reference.com/req/202106291/images/players/miltosh01.jpg
mitchdo01,Donovan Mitchell,2018,2022,G,6-1,215.0,9/7/1996,25,https://www.basketball-reference.com/req/202106291/images/players/mitchdo01.jpg
mitrona01,Naz Mitrou-Long,2018,2020,G,6-3,218.0,8/3/1993,28,https://www.basketball-reference.com/req/202106291/images/players/mitrona01.jpg
mokokad01,Adam Mokoka,2020,2021,G,6-4,190.0,7/18/1998,23,https://www.basketball-reference.com/req/202106291/images/players/mokokad01.jpg
monkma01,Malik Monk,2018,2022,G,6-3,200.0,2/4/1998,23,https://www.basketball-reference.com/req/202106291/images/players/monkma01.jpg
moonema01,Matt Mooney,2020,2020,G,6-3,199.0,2/7/1997,24,https://www.basketball-reference.com/req/202106291/images/players/moonema01.jpg
mooreet01,E'Twaun Moore,2012,2021,G-F,6-3,191.0,2/25/1989,32,https://www.basketball-reference.com/req/202106291/images/players/mooreet01.jpg
moranja01,Ja Morant,2020,2022,G,6-3,174.0,8/10/1999,22,https://www.basketball-reference.com/req/202106291/images/players/moranja01.jpg
morgaju01,Juwan Morgan,2020,2021,F,6-7,232.0,4/17/1997,24,https://www.basketball-reference.com/req/202106291/images/players/morgaju01.jpg
morrima03,Marcus Morris,2012,2022,F,6-8,218.0,9/2/1989,32,https://www.basketball-reference.com/req/202106291/images/players/morrima03.jpg
morrima02,Markieff Morris,2012,2022,F,6-9,245.0,9/2/1989,32,https://www.basketball-reference.com/req/202106291/images/players/morrima02.jpg
morrimo01,Monte Morris,2018,2022,G,6-2,183.0,6/27/1995,26,https://www.basketball-reference.com/req/202106291/images/players/morrimo01.jpg
motlejo01,Johnathan Motley,2018,2020,F,6-8,230.0,5/4/1995,26,https://www.basketball-reference.com/req/202106291/images/players/motlejo01.jpg
mudiaem01,Emmanuel Mudiay,2016,2020,G,6-3,200.0,3/5/1996,25,https://www.basketball-reference.com/req/202106291/images/players/mudiaem01.jpg
muldemy01,Mychal Mulder,2020,2022,G-F,6-3,184.0,6/12/1994,27,https://www.basketball-reference.com/req/202106291/images/players/muldemy01.jpg
murrade01,Dejounte Murray,2017,2022,G,6-4,180.0,9/19/1996,25,https://www.basketball-reference.com/req/202106291/images/players/murrade01.jpg
murraja01,Jamal Murray,2017,2021,G,6-3,215.0,2/23/1997,24,https://www.basketball-reference.com/req/202106291/images/players/murraja01.jpg
musadz01,Džanan Musa,2019,2020,G-F,6-9,217.0,5/8/1999,22,https://www.basketball-reference.com/req/202106291/images/players/musadz01.jpg
muscami01,Mike Muscala,2014,2022,F-C,6-10,240.0,7/1/1991,30,https://www.basketball-reference.com/req/202106291/images/players/muscami01.jpg
mykhasv01,Svi Mykhailiuk,2019,2022,G-F,6-7,205.0,6/10/1997,24,https://www.basketball-reference.com/req/202106291/images/players/mykhasv01.jpg
naderab01,Abdel Nader,2018,2022,F,6-5,225.0,9/25/1993,28,https://www.basketball-reference.com/req/202106291/images/players/naderab01.jpg
nancela02,Larry Nance,2016,2022,F-C,6-7,245.0,1/1/1993,28,https://www.basketball-reference.com/req/202106291/images/players/nancela02.jpg
napiesh01,Shabazz Napier,2015,2020,G,6-0,175.0,7/14/1991,30,https://www.basketball-reference.com/req/202106291/images/players/napiesh01.jpg
netora01,Raul Neto,2016,2022,G,6-1,180.0,5/19/1992,29,https://www.basketball-reference.com/req/202106291/images/players/netora01.jpg
newmama01,Malik Newman,2020,2020,G,6-3,190.0,2/21/1997,24,https://www.basketball-reference.com/req/202106291/images/players/newmama01.jpg
niangge01,Georges Niang,2017,2022,F,6-7,230.0,6/17/1993,28,https://www.basketball-reference.com/req/202106291/images/players/niangge01.jpg
noahjo01,Joakim Noah,2008,2020,C,6-11,230.0,2/25/1985,36,https://www.basketball-reference.com/req/202106291/images/players/noahjo01.jpg
noelne01,Nerlens Noel,2015,2022,C-F,6-11,220.0,4/10/1994,27,https://www.basketball-reference.com/req/202106291/images/players/noelne01.jpg
norveza01,Zach Norvell,2020,2020,G,6-5,206.0,12/9/1997,23,https://www.basketball-reference.com/req/202106291/images/players/norveza01.jpg
nowelja01,Jaylen Nowell,2020,2022,G,6-4,201.0,7/9/1999,22,https://www.basketball-reference.com/req/202106291/images/players/nowelja01.jpg
ntilila01,Frank Ntilikina,2018,2022,G,6-4,200.0,7/28/1998,23,https://www.basketball-reference.com/req/202106291/images/players/ntilila01.jpg
nunnke01,Kendrick Nunn,2020,2021,G,6-2,190.0,8/3/1995,26,https://www.basketball-reference.com/req/202106291/images/players/nunnke01.jpg
nurkiju01,Jusuf Nurkić,2015,2022,C,6-11,290.0,8/23/1994,27,https://www.basketball-reference.com/req/202106291/images/players/nurkiju01.jpg
nwabada01,David Nwaba,2017,2022,G,6-5,219.0,1/14/1993,28,https://www.basketball-reference.com/req/202106291/images/players/nwabada01.jpg
onealro01,Royce O'Neale,2018,2022,F,6-4,226.0,6/5/1993,28,https://www.basketball-reference.com/req/202106291/images/players/onealro01.jpg
oquinky01,Kyle O'Quinn,2013,2020,F-C,6-9,250.0,3/26/1990,31,https://www.basketball-reference.com/req/202106291/images/players/oquinky01.jpg
ojelese01,Semi Ojeleye,2018,2022,F,6-6,240.0,12/5/1994,26,https://www.basketball-reference.com/req/202106291/images/players/ojelese01.jpg
okafoja01,Jahlil Okafor,2016,2021,C-F,6-10,270.0,12/15/1995,25,https://www.basketball-reference.com/req/202106291/images/players/okafoja01.jpg
okoboel01,Elie Okobo,2019,2020,G,6-3,190.0,10/23/1997,24,https://www.basketball-reference.com/req/202106291/images/players/okoboel01.jpg
okogijo01,Josh Okogie,2019,2022,G,6-4,213.0,9/1/1998,23,https://www.basketball-reference.com/req/202106291/images/players/okogijo01.jpg
okpalkz01,KZ Okpala,2020,2022,F,6-8,215.0,4/28/1999,22,https://www.basketball-reference.com/req/202106291/images/players/okpalkz01.jpg
oladivi01,Victor Oladipo,2014,2021,G,6-4,213.0,5/4/1992,29,https://www.basketball-reference.com/req/202106291/images/players/oladivi01.jpg
olynyke01,Kelly Olynyk,2014,2022,C-F,6-11,240.0,4/19/1991,30,https://www.basketball-reference.com/req/202106291/images/players/olynyke01.jpg
onimi01,Miye Oni,2020,2022,G,6-5,206.0,8/4/1997,24,https://www.basketball-reference.com/req/202106291/images/players/onimi01.jpg
osmande01,Cedi Osman,2018,2022,F,6-7,230.0,4/8/1995,26,https://www.basketball-reference.com/req/202106291/images/players/osmande01.jpg
oubreke01,Kelly Oubre,2016,2022,F,6-7,203.0,12/9/1995,25,https://www.basketball-reference.com/req/202106291/images/players/oubreke01.jpg
owensta01,Tariq Owens,2020,2020,F,6-10,205.0,6/30/1995,26,https://www.basketball-reference.com/req/202106291/images/players/owensta01.jpg
pargoje01,Jeremy Pargo,2012,2020,G,6-2,219.0,3/17/1986,35,https://www.basketball-reference.com/req/202106291/images/players/pargoje01.jpg
parkeja01,Jabari Parker,2015,2022,F,6-8,245.0,3/15/1995,26,https://www.basketball-reference.com/req/202106291/images/players/parkeja01.jpg
parsoch01,Chandler Parsons,2012,2020,F,6-9,230.0,10/25/1988,33,https://www.basketball-reference.com/req/202106291/images/players/parsoch01.jpg
pascher01,Eric Paschall,2020,2022,F,6-6,255.0,11/4/1996,25,https://www.basketball-reference.com/req/202106291/images/players/pascher01.jpg
pasecan01,Anžejs Pasečņiks,2020,2021,C,7-1,229.0,12/20/1995,25,https://www.basketball-reference.com/req/202106291/images/players/pasecan01.jpg
pattepa01,Patrick Patterson,2011,2021,F,6-8,235.0,3/14/1989,32,https://www.basketball-reference.com/req/202106291/images/players/pattepa01.jpg
pattoju01,Justin Patton,2018,2021,C,6-11,241.0,6/14/1997,24,https://www.basketball-reference.com/req/202106291/images/players/pattoju01.jpg
paulch01,Chris Paul,2006,2022,G,6-0,175.0,5/6/1985,36,https://www.basketball-reference.com/req/202106291/images/players/paulch01.jpg
payneca01,Cameron Payne,2016,2022,G,6-1,183.0,8/8/1994,27,https://www.basketball-reference.com/req/202106291/images/players/payneca01.jpg
paytoel01,Elfrid Payton,2015,2022,G,6-3,195.0,2/22/1994,27,https://www.basketball-reference.com/req/202106291/images/players/paytoel01.jpg
paytoga02,Gary Payton,2017,2022,G,6-3,190.0,12/1/1992,29,https://www.basketball-reference.com/req/202106291/images/players/paytoga02.jpg
pelleno01,Norvel Pelle,2020,2021,F-C,6-10,231.0,2/3/1993,28,https://www.basketball-reference.com/req/202106291/images/players/pelleno01.jpg
pinsoth01,Theo Pinson,2019,2021,G,6-5,212.0,11/5/1995,26,https://www.basketball-reference.com/req/202106291/images/players/pinsoth01.jpg
plumlma01,Mason Plumlee,2014,2022,C-F,6-11,254.0,3/5/1990,31,https://www.basketball-reference.com/req/202106291/images/players/plumlma01.jpg
poeltja01,Jakob Poeltl,2017,2022,C,7-1,245.0,10/15/1995,26,https://www.basketball-reference.com/req/202106291/images/players/poeltja01.jpg
poirivi01,Vincent Poirier,2020,2021,C,7-0,235.0,10/17/1993,28,https://www.basketball-reference.com/req/202106291/images/players/poirivi01.jpg
pondssh01,Shamorie Ponds,2020,2020,G,6-0,180.0,6/29/1998,23,https://www.basketball-reference.com/req/202106291/images/players/pondssh01.jpg
poolejo01,Jordan Poole,2020,2022,G,6-4,194.0,6/19/1999,22,https://www.basketball-reference.com/req/202106291/images/players/poolejo01.jpg
porteke02,Kevin Porter,2020,2022,G,6-4,203.0,5/4/2000,21,https://www.basketball-reference.com/req/202106291/images/players/porteke02.jpg
portemi01,Michael Porter,2020,2022,F,6-10,218.0,6/29/1998,23,https://www.basketball-reference.com/req/202106291/images/players/portemi01.jpg
porteot01,Otto Porter,2014,2022,F,6-8,198.0,6/3/1993,28,https://www.basketball-reference.com/req/202106291/images/players/porteot01.jpg
portibo01,Bobby Portis,2016,2022,F,6-10,250.0,2/10/1995,26,https://www.basketball-reference.com/req/202106291/images/players/portibo01.jpg
porzikr01,Kristaps Porziņģis,2016,2022,F-C,7-3,240.0,8/2/1995,26,https://www.basketball-reference.com/req/202106291/images/players/porzikr01.jpg
poweldw01,Dwight Powell,2015,2022,F-C,6-10,240.0,7/20/1991,30,https://www.basketball-reference.com/req/202106291/images/players/poweldw01.jpg
powelno01,Norman Powell,2016,2022,G,6-3,215.0,5/25/1993,28,https://www.basketball-reference.com/req/202106291/images/players/powelno01.jpg
princta02,Taurean Prince,2017,2022,F,6-7,218.0,3/22/1994,27,https://www.basketball-reference.com/req/202106291/images/players/princta02.jpg
randlch01,Chasson Randle,2017,2021,G,6-2,185.0,2/5/1993,28,https://www.basketball-reference.com/req/202106291/images/players/randlch01.jpg
randlju01,Julius Randle,2015,2022,F-C,6-8,250.0,11/29/1994,27,https://www.basketball-reference.com/req/202106291/images/players/randlju01.jpg
reavejo02,Josh Reaves,2020,2020,G,6-4,214.0,6/4/1997,24,https://www.basketball-reference.com/req/202106291/images/players/reavejo02.jpg
reddica01,Cam Reddish,2020,2022,F,6-8,218.0,9/1/1999,22,https://www.basketball-reference.com/req/202106291/images/players/reddica01.jpg
redicjj01,J.J. Redick,2007,2021,G,6-3,200.0,6/24/1984,37,https://www.basketball-reference.com/req/202106291/images/players/redicjj01.jpg
reidna01,Naz Reid,2020,2022,F,6-9,264.0,8/26/1999,22,https://www.basketball-reference.com/req/202106291/images/players/reidna01.jpg
richajo01,Josh Richardson,2016,2022,G,6-5,200.0,9/15/1993,28,https://www.basketball-reference.com/req/202106291/images/players/richajo01.jpg
riverau01,Austin Rivers,2013,2022,G,6-4,200.0,8/1/1992,29,https://www.basketball-reference.com/req/202106291/images/players/riverau01.jpg
roberan03,Andre Roberson,2014,2021,G-F,6-7,210.0,12/4/1991,30,https://www.basketball-reference.com/req/202106291/images/players/roberan03.jpg
robindu01,Duncan Robinson,2019,2022,G-F,6-7,215.0,4/22/1994,27,https://www.basketball-reference.com/req/202106291/images/players/robindu01.jpg
robingl02,Glenn Robinson,2015,2021,G-F,6-6,222.0,1/8/1994,27,https://www.basketball-reference.com/req/202106291/images/players/robingl02.jpg
robinje01,Jerome Robinson,2019,2021,G,6-4,190.0,2/22/1997,24,https://www.basketball-reference.com/req/202106291/images/players/robinje01.jpg
robinju01,Justin Robinson,2020,2022,G,6-1,195.0,10/12/1997,24,https://www.basketball-reference.com/req/202106291/images/players/robinju01.jpg
robinmi01,Mitchell Robinson,2019,2022,C,7-0,240.0,4/1/1998,23,https://www.basketball-reference.com/req/202106291/images/players/robinmi01.jpg
robyis01,Isaiah Roby,2020,2022,F,6-8,230.0,2/3/1998,23,https://www.basketball-reference.com/req/202106291/images/players/robyis01.jpg
rondora01,Rajon Rondo,2007,2022,G,6-1,180.0,2/22/1986,35,https://www.basketball-reference.com/req/202106291/images/players/rondora01.jpg
rosede01,Derrick Rose,2009,2022,G,6-2,200.0,10/4/1988,33,https://www.basketball-reference.com/req/202106291/images/players/rosede01.jpg
rosste01,Terrence Ross,2013,2022,F-G,6-6,206.0,2/5/1991,30,https://www.basketball-reference.com/req/202106291/images/players/rosste01.jpg
roziete01,Terry Rozier,2016,2022,G,6-1,190.0,3/17/1994,27,https://www.basketball-reference.com/req/202106291/images/players/roziete01.jpg
rubiori01,Ricky Rubio,2012,2022,G,6-2,190.0,10/21/1990,31,https://www.basketball-reference.com/req/202106291/images/players/rubiori01.jpg
russeda01,D'Angelo Russell,2016,2022,G,6-4,193.0,2/23/1996,25,https://www.basketball-reference.com/req/202106291/images/players/russeda01.jpg
sabondo01,Domantas Sabonis,2017,2022,F-C,6-11,240.0,5/3/1996,25,https://www.basketball-reference.com/req/202106291/images/players/sabondo01.jpg
samanlu01,Luka Šamanić,2020,2021,F,6-10,227.0,1/9/2000,21,https://www.basketball-reference.com/req/202106291/images/players/samanlu01.jpg
sampsja02,JaKarr Sampson,2015,2021,G-F,6-7,214.0,3/20/1993,28,https://www.basketball-reference.com/req/202106291/images/players/sampsja02.jpg
saricda01,Dario Šarić,2017,2021,F-C,6-10,225.0,4/8/1994,27,https://www.basketball-reference.com/req/202106291/images/players/saricda01.jpg
satorto01,Tomáš Satoranský,2017,2022,G,6-7,210.0,10/30/1991,30,https://www.basketball-reference.com/req/202106291/images/players/satorto01.jpg
schofad01,Admiral Schofield,2020,2020,G-F,6-5,241.0,3/30/1997,24,https://www.basketball-reference.com/req/202106291/images/players/schofad01.jpg
schrode01,Dennis Schröder,2014,2022,G,6-3,172.0,9/15/1993,28,https://www.basketball-reference.com/req/202106291/images/players/schrode01.jpg
scottmi01,Mike Scott,2013,2021,F,6-7,237.0,7/16/1988,33,https://www.basketball-reference.com/req/202106291/images/players/scottmi01.jpg
sefolth01,Thabo Sefolosha,2007,2020,G-F,6-6,215.0,5/2/1984,37,https://www.basketball-reference.com/req/202106291/images/players/sefolth01.jpg
sextoco01,Collin Sexton,2019,2022,G,6-1,190.0,1/4/1999,22,https://www.basketball-reference.com/req/202106291/images/players/sextoco01.jpg
shamela01,Landry Shamet,2019,2022,G,6-4,190.0,3/13/1997,24,https://www.basketball-reference.com/req/202106291/images/players/shamela01.jpg
shayoma01,Marial Shayok,2020,2020,G,6-5,198.0,7/26/1995,26,https://www.basketball-reference.com/req/202106291/images/players/shayoma01.jpg
shumpim01,Iman Shumpert,2012,2021,G,6-5,215.0,6/26/1990,31,https://www.basketball-reference.com/req/202106291/images/players/shumpim01.jpg
siakapa01,Pascal Siakam,2017,2022,F,6-9,230.0,4/2/1994,27,https://www.basketball-reference.com/req/202106291/images/players/siakapa01.jpg
silvach01,Chris Silva,2020,2021,F,6-8,234.0,9/19/1996,25,https://www.basketball-reference.com/req/202106291/images/players/silvach01.jpg
simmobe01,Ben Simmons,2018,2021,G-F,6-11,240.0,7/20/1996,25,https://www.basketball-reference.com/req/202106291/images/players/simmobe01.jpg
simonan01,Anfernee Simons,2019,2022,G,6-3,181.0,6/8/1999,22,https://www.basketball-reference.com/req/202106291/images/players/simonan01.jpg
smailal01,Alen Smailagić,2020,2021,F,6-10,215.0,8/18/2000,21,https://www.basketball-reference.com/req/202106291/images/players/smailal01.jpg
smartma01,Marcus Smart,2015,2022,G,6-3,220.0,3/6/1994,27,https://www.basketball-reference.com/req/202106291/images/players/smartma01.jpg
smithde03,Dennis Smith,2018,2022,G,6-2,205.0,11/25/1997,24,https://www.basketball-reference.com/req/202106291/images/players/smithde03.jpg
smithis01,Ish Smith,2011,2022,G,6-0,175.0,7/5/1988,33,https://www.basketball-reference.com/req/202106291/images/players/smithis01.jpg
smithjr01,J.R. Smith,2005,2020,G-F,6-6,225.0,9/9/1985,36,https://www.basketball-reference.com/req/202106291/images/players/smithjr01.jpg
smithzh01,Zhaire Smith,2019,2020,G,6-3,205.0,6/4/1999,22,https://www.basketball-reference.com/req/202106291/images/players/smithzh01.jpg
snellto01,Tony Snell,2014,2022,G-F,6-6,213.0,11/10/1991,30,https://www.basketball-reference.com/req/202106291/images/players/snellto01.jpg
spellom01,Omari Spellman,2019,2020,F,6-8,245.0,7/21/1997,24,https://www.basketball-reference.com/req/202106291/images/players/spellom01.jpg
strusma01,Max Strus,2020,2022,G,6-5,215.0,3/28/1996,25,https://www.basketball-reference.com/req/202106291/images/players/strusma01.jpg
sumneed01,Edmond Sumner,2018,2021,G,6-4,196.0,12/31/1995,25,https://www.basketball-reference.com/req/202106291/images/players/sumneed01.jpg
swanica01,Caleb Swanigan,2018,2020,F,6-9,260.0,4/18/1997,24,https://www.basketball-reference.com/req/202106291/images/players/swanica01.jpg
tatumja01,Jayson Tatum,2018,2022,F,6-8,210.0,3/3/1998,23,https://www.basketball-reference.com/req/202106291/images/players/tatumja01.jpg
teaguje01,Jeff Teague,2010,2021,G,6-3,195.0,6/10/1988,33,https://www.basketball-reference.com/req/202106291/images/players/teaguje01.jpg
templga01,Garrett Temple,2010,2022,G,6-5,195.0,5/8/1986,35,https://www.basketball-reference.com/req/202106291/images/players/templga01.jpg
theisda01,Daniel Theis,2018,2022,C,6-8,245.0,4/4/1992,29,https://www.basketball-reference.com/req/202106291/images/players/theisda01.jpg
thomais02,Isaiah Thomas,2012,2021,G,5-9,185.0,2/7/1989,32,https://www.basketball-reference.com/req/202106291/images/players/thomais02.jpg
thomakh01,Khyri Thomas,2019,2021,G,6-3,210.0,5/8/1996,25,https://www.basketball-reference.com/req/202106291/images/players/thomakh01.jpg
thomala01,Lance Thomas,2012,2020,F,6-8,240.0,4/24/1988,33,https://www.basketball-reference.com/req/202106291/images/players/thomala01.jpg
thomama02,Matt Thomas,2020,2022,G,6-4,190.0,8/4/1994,27,https://www.basketball-reference.com/req/202106291/images/players/thomama02.jpg
thomptr01,Tristan Thompson,2012,2022,F-C,6-9,254.0,3/13/1991,30,https://www.basketball-reference.com/req/202106291/images/players/thomptr01.jpg
thornsi01,Sindarius Thornwell,2018,2021,G,6-4,215.0,11/15/1994,27,https://www.basketball-reference.com/req/202106291/images/players/thornsi01.jpg
thybuma01,Matisse Thybulle,2020,2022,G,6-5,201.0,3/4/1997,24,https://www.basketball-reference.com/req/202106291/images/players/thybuma01.jpg
tollian01,Anthony Tolliver,2009,2021,F-C,6-8,240.0,6/1/1985,36,https://www.basketball-reference.com/req/202106291/images/players/tollian01.jpg
toscaju01,Juan Toscano-Anderson,2020,2022,F,6-6,209.0,4/10/1993,28,https://www.basketball-reference.com/req/202106291/images/players/toscaju01.jpg
townska01,Karl-Anthony Towns,2016,2022,C-F,6-11,248.0,11/15/1995,26,https://www.basketball-reference.com/req/202106291/images/players/townska01.jpg
trentga02,Gary Trent,2019,2022,G,6-5,209.0,1/18/1999,22,https://www.basketball-reference.com/req/202106291/images/players/trentga02.jpg
trieral01,Allonzo Trier,2019,2020,G,6-4,200.0,1/17/1996,25,https://www.basketball-reference.com/req/202106291/images/players/trieral01.jpg
tuckepj01,P.J. Tucker,2007,2022,F,6-5,245.0,5/5/1985,36,https://www.basketball-reference.com/req/202106291/images/players/tuckepj01.jpg
tuckera01,Rayjon Tucker,2020,2021,F,6-3,209.0,9/24/1997,24,https://www.basketball-reference.com/req/202106291/images/players/tuckera01.jpg
turneev01,Evan Turner,2011,2020,G,6-6,220.0,10/27/1988,33,https://www.basketball-reference.com/req/202106291/images/players/turneev01.jpg
turnemy01,Myles Turner,2016,2022,C-F,6-11,250.0,3/24/1996,25,https://www.basketball-reference.com/req/202106291/images/players/turnemy01.jpg
uthofja01,Jarrod Uthoff,2017,2020,F,6-9,221.0,5/19/1993,28,https://www.basketball-reference.com/req/202106291/images/players/uthofja01.jpg
valanjo01,Jonas Valančiūnas,2013,2022,C,6-11,265.0,5/6/1992,29,https://www.basketball-reference.com/req/202106291/images/players/valanjo01.jpg
valende01,Denzel Valentine,2017,2022,G,6-4,220.0,11/16/1993,28,https://www.basketball-reference.com/req/202106291/images/players/valende01.jpg
vanvlfr01,Fred VanVleet,2017,2022,G,6-1,197.0,2/25/1994,27,https://www.basketball-reference.com/req/202106291/images/players/vanvlfr01.jpg
vandeja01,Jarred Vanderbilt,2019,2022,F,6-9,214.0,4/3/1999,22,https://www.basketball-reference.com/req/202106291/images/players/vandeja01.jpg
vincega01,Gabe Vincent,2020,2022,G,6-3,200.0,6/14/1996,25,https://www.basketball-reference.com/req/202106291/images/players/vincega01.jpg
vonleno01,Noah Vonleh,2015,2021,F,6-10,257.0,8/24/1995,26,https://www.basketball-reference.com/req/202106291/images/players/vonleno01.jpg
vucevni01,Nikola Vučević,2012,2022,C,6-10,260.0,10/24/1990,31,https://www.basketball-reference.com/req/202106291/images/players/vucevni01.jpg
wadede01,Dean Wade,2020,2022,F,6-9,228.0,11/20/1996,25,https://www.basketball-reference.com/req/202106291/images/players/wadede01.jpg
wagnemo01,Moritz Wagner,2019,2022,F-C,6-11,245.0,4/26/1997,24,https://www.basketball-reference.com/req/202106291/images/players/wagnemo01.jpg
waitedi01,Dion Waiters,2013,2020,G,6-3,215.0,12/10/1991,29,https://www.basketball-reference.com/req/202106291/images/players/waitedi01.jpg
walkeke02,Kemba Walker,2012,2022,G,6-0,184.0,5/8/1990,31,https://www.basketball-reference.com/req/202106291/images/players/walkeke02.jpg
walkelo01,Lonnie Walker,2019,2022,G,6-4,204.0,12/14/1998,22,https://www.basketball-reference.com/req/202106291/images/players/walkelo01.jpg
wallaty01,Tyrone Wallace,2018,2020,G,6-5,198.0,6/10/1994,27,https://www.basketball-reference.com/req/202106291/images/players/wallaty01.jpg
waltode01,Derrick Walton,2018,2020,G,6-0,189.0,4/3/1995,26,https://www.basketball-reference.com/req/202106291/images/players/waltode01.jpg
wanambr01,Brad Wanamaker,2019,2022,G,6-3,210.0,7/25/1989,32,https://www.basketball-reference.com/req/202106291/images/players/wanambr01.jpg
warretj01,T.J. Warren,2015,2021,F,6-8,220.0,9/5/1993,28,https://www.basketball-reference.com/req/202106291/images/players/warretj01.jpg
washipj01,P.J. Washington,2020,2022,F,6-7,230.0,8/23/1998,23,https://www.basketball-reference.com/req/202106291/images/players/washipj01.jpg
watanyu01,Yuta Watanabe,2019,2021,F,6-9,215.0,10/13/1994,27,https://www.basketball-reference.com/req/202106291/images/players/watanyu01.jpg
watertr01,Tremont Waters,2020,2021,G,5-10,175.0,1/10/1998,23,https://www.basketball-reference.com/req/202106291/images/players/watertr01.jpg
watsopa01,Paul Watson,2020,2021,G,6-6,210.0,12/30/1994,26,https://www.basketball-reference.com/req/202106291/images/players/watsopa01.jpg
weathqu01,Quinndary Weatherspoon,2020,2021,G,6-3,205.0,9/10/1996,25,https://www.basketball-reference.com/req/202106291/images/players/weathqu01.jpg
westbru01,Russell Westbrook,2009,2022,G,6-3,200.0,11/12/1988,33,https://www.basketball-reference.com/req/202106291/images/players/westbru01.jpg
whiteco01,Coby White,2020,2022,G,6-5,195.0,2/16/2000,21,https://www.basketball-reference.com/req/202106291/images/players/whiteco01.jpg
whitede01,Derrick White,2018,2022,G,6-4,190.0,7/2/1994,27,https://www.basketball-reference.com/req/202106291/images/players/whitede01.jpg
whiteha01,Hassan Whiteside,2011,2022,C,7-0,265.0,6/13/1989,32,https://www.basketball-reference.com/req/202106291/images/players/whiteha01.jpg
wiggian01,Andrew Wiggins,2015,2022,F-G,6-7,197.0,2/23/1995,26,https://www.basketball-reference.com/req/202106291/images/players/wiggian01.jpg
willigr01,Grant Williams,2020,2022,F,6-6,236.0,11/30/1998,23,https://www.basketball-reference.com/req/202106291/images/players/willigr01.jpg
willijo04,Johnathan Williams,2019,2020,F,6-9,228.0,5/22/1995,26,https://www.basketball-reference.com/req/202106291/images/players/willijo04.jpg
willike04,Kenrich Williams,2019,2022,G-F,6-6,210.0,12/2/1994,27,https://www.basketball-reference.com/req/202106291/images/players/willike04.jpg
willilo02,Lou Williams,2006,2022,G,6-1,175.0,10/27/1986,35,https://www.basketball-reference.com/req/202106291/images/players/willilo02.jpg
willima02,Marvin Williams,2006,2020,F,6-8,237.0,6/19/1986,35,https://www.basketball-reference.com/req/202106291/images/players/willima02.jpg
williro04,Robert Williams,2019,2022,C-F,6-8,237.0,10/17/1997,24,https://www.basketball-reference.com/req/202106291/images/players/williro04.jpg
willini01,Nigel Williams-Goss,2020,2020,G,6-2,190.0,9/16/1994,27,https://www.basketball-reference.com/req/202106291/images/players/willini01.jpg
willizi01,Zion Williamson,2020,2021,F-C,6-6,284.0,7/6/2000,21,https://www.basketball-reference.com/req/202106291/images/players/willizi01.jpg
wilsodj01,D.J. Wilson,2018,2021,F,6-10,231.0,2/19/1996,25,https://www.basketball-reference.com/req/202106291/images/players/wilsodj01.jpg
winslju01,Justise Winslow,2016,2022,F,6-6,222.0,3/26/1996,25,https://www.basketball-reference.com/req/202106291/images/players/winslju01.jpg
woodch01,Christian Wood,2016,2022,F,6-10,214.0,9/27/1995,26,https://www.basketball-reference.com/req/202106291/images/players/woodch01.jpg
wrighde01,Delon Wright,2016,2022,G,6-5,185.0,4/26/1992,29,https://www.basketball-reference.com/req/202106291/images/players/wrighde01.jpg
wrighju02,Justin Wright-Foreman,2020,2020,G,6-0,190.0,10/27/1997,24,https://www.basketball-reference.com/req/202106291/images/players/wrighju02.jpg
youngth01,Thaddeus Young,2008,2022,F,6-8,235.0,6/21/1988,33,https://www.basketball-reference.com/req/202106291/images/players/youngth01.jpg
youngtr01,Trae Young,2019,2022,G,6-1,180.0,9/19/1998,23,https://www.basketball-reference.com/req/202106291/images/players/youngtr01.jpg
zelleco01,Cody Zeller,2014,2022,C-F,6-11,240.0,10/5/1992,29,https://www.basketball-reference.com/req/202106291/images/players/zelleco01.jpg
zellety01,Tyler Zeller,2013,2020,F-C,7-0,253.0,1/17/1990,31,https://www.basketball-reference.com/req/202106291/images/players/zellety01.jpg
zizican01,Ante Žižić,2018,2020,F-C,6-10,266.0,1/4/1997,24,https://www.basketball-reference.com/req/202106291/images/players/zizican01.jpg
zubaciv01,Ivica Zubac,2017,2022,C,7-0,240.0,3/18/1997,24,https://www.basketball-reference.com/req/202106291/images/players/zubaciv01.jpg
